{
  "hash": "4f5f93ff",
  "configHash": "af6bb9b5",
  "lockfileHash": "8fade02e",
  "browserHash": "50c86743",
  "optimized": {
    "@angular/core": {
      "src": "../../../../../../node_modules/@angular/core/fesm2022/core.mjs",
      "file": "@angular_core.js",
      "fileHash": "d368e66b",
      "needsInterop": false
    },
    "@angular/platform-browser": {
      "src": "../../../../../../node_modules/@angular/platform-browser/fesm2022/platform-browser.mjs",
      "file": "@angular_platform-browser.js",
      "fileHash": "ca98f431",
      "needsInterop": false
    },
    "@angular/router": {
      "src": "../../../../../../node_modules/@angular/router/fesm2022/router.mjs",
      "file": "@angular_router.js",
      "fileHash": "565df546",
      "needsInterop": false
    },
    "@angular/common": {
      "src": "../../../../../../node_modules/@angular/common/fesm2022/common.mjs",
      "file": "@angular_common.js",
      "fileHash": "f3ede87a",
      "needsInterop": false
    },
    "rxjs": {
      "src": "../../../../../../node_modules/rxjs/dist/esm5/index.js",
      "file": "rxjs.js",
      "fileHash": "afb12a7c",
      "needsInterop": false
    },
    "@angular/common/http": {
      "src": "../../../../../../node_modules/@angular/common/fesm2022/http.mjs",
      "file": "@angular_common_http.js",
      "fileHash": "ba4640ca",
      "needsInterop": false
    }
  },
  "chunks": {
    "chunk-7AM3R3O3": {
      "file": "chunk-7AM3R3O3.js"
    },
    "chunk-2FR3BTHA": {
      "file": "chunk-2FR3BTHA.js"
    },
    "chunk-BCJXMII6": {
      "file": "chunk-BCJXMII6.js"
    },
    "chunk-BTUNDUPZ": {
      "file": "chunk-BTUNDUPZ.js"
    },
    "chunk-S35MAB2V": {
      "file": "chunk-S35MAB2V.js"
    }
  }
}